region,lat,lon,current_temp,green_cover_increase_pct,temp_drop
New Delhi,28.6139,77.209,41.49,37.94,5.07
New Delhi,28.6139,77.209,36.66,12.02,1.9
New Delhi,28.6139,77.209,44.74,5.93,1.76
New Delhi,28.6139,77.209,38.26,13.25,1.79
New Delhi,28.6139,77.209,40.73,24.44,2.7
New Delhi,28.6139,77.209,42.45,11.28,1.37
New Delhi,28.6139,77.209,37.28,25.52,2.86
New Delhi,28.6139,77.209,38.11,28.14,4.02
New Delhi,28.6139,77.209,38.37,32.34,4.34
New Delhi,28.6139,77.209,38.2,9.4,1.92
New Delhi,28.6139,77.209,38.19,10.49,2.41
New Delhi,28.6139,77.209,38.4,45.92,5.93
New Delhi,28.6139,77.209,42.47,19.03,2.42
New Delhi,28.6139,77.209,48.33,13.32,2.99
New Delhi,28.6139,77.209,42.22,8.98,1.76
New Delhi,28.6139,77.209,36.97,17.21,1.78
New Delhi,28.6139,77.209,38.62,17.64,2.97
New Delhi,28.6139,77.209,36.61,41.1,5.32
New Delhi,28.6139,77.209,37.97,5.25,1.27
New Delhi,28.6139,77.209,41.75,37.81,5.48
New Delhi,28.6139,77.209,37.48,43.84,5.51
New Delhi,28.6139,77.209,35.48,7.86,1.66
New Delhi,28.6139,77.209,36.68,37.83,4.4
New Delhi,28.6139,77.209,42.5,26.25,3.89
New Delhi,28.6139,77.209,41.08,39.24,5.0
New Delhi,28.6139,77.209,44.49,27.22,4.13
New Delhi,28.6139,77.209,32.14,6.14,1.17
New Delhi,28.6139,77.209,35.74,27.89,4.05
New Delhi,28.6139,77.209,39.34,23.47,3.43
New Delhi,28.6139,77.209,37.63,8.46,1.69
Phoenix,33.4484,-112.074,39.57,46.84,5.9
Phoenix,33.4484,-112.074,43.5,44.22,6.44
Phoenix,33.4484,-112.074,40.41,45.17,6.15
Phoenix,33.4484,-112.074,46.12,45.32,6.31
Phoenix,33.4484,-112.074,39.89,15.26,2.19
Phoenix,33.4484,-112.074,45.82,43.73,5.92
Phoenix,33.4484,-112.074,42.02,23.78,3.36
Phoenix,33.4484,-112.074,40.81,20.19,2.85
Phoenix,33.4484,-112.074,41.52,28.35,4.14
Phoenix,33.4484,-112.074,39.17,48.73,6.87
Phoenix,33.4484,-112.074,36.24,17.82,2.44
Phoenix,33.4484,-112.074,42.31,27.62,3.76
Phoenix,33.4484,-112.074,41.42,11.52,2.07
Phoenix,33.4484,-112.074,43.02,15.89,2.56
Phoenix,33.4484,-112.074,45.43,15.69,2.96
Phoenix,33.4484,-112.074,39.59,33.45,5.05
Phoenix,33.4484,-112.074,43.76,9.06,2.65
Phoenix,33.4484,-112.074,40.52,13.39,2.5
Phoenix,33.4484,-112.074,42.3,35.49,4.67
Phoenix,33.4484,-112.074,42.03,15.19,2.28
Phoenix,33.4484,-112.074,38.81,36.09,4.96
Phoenix,33.4484,-112.074,43.86,11.19,1.97
Phoenix,33.4484,-112.074,39.65,46.61,5.95
Phoenix,33.4484,-112.074,40.93,34.7,4.93
Phoenix,33.4484,-112.074,42.68,28.83,4.62
Phoenix,33.4484,-112.074,41.03,45.37,5.91
Phoenix,33.4484,-112.074,42.78,20.26,3.38
Phoenix,33.4484,-112.074,45.9,45.37,5.89
Phoenix,33.4484,-112.074,42.75,33.89,4.84
Phoenix,33.4484,-112.074,42.68,5.41,1.62
Cairo,30.0444,31.2357,39.88,5.23,0.84
Cairo,30.0444,31.2357,39.52,36.14,4.33
Cairo,30.0444,31.2357,35.43,37.05,4.98
Cairo,30.0444,31.2357,36.75,38.59,4.52
Cairo,30.0444,31.2357,41.89,34.59,4.91
Cairo,30.0444,31.2357,36.4,21.55,2.96
Cairo,30.0444,31.2357,36.33,48.79,5.84
Cairo,30.0444,31.2357,41.64,33.4,4.49
Cairo,30.0444,31.2357,39.04,30.96,4.75
Cairo,30.0444,31.2357,34.78,37.51,4.73
Cairo,30.0444,31.2357,35.79,47.32,6.16
Cairo,30.0444,31.2357,38.63,48.5,6.55
Cairo,30.0444,31.2357,36.46,43.3,4.91
Cairo,30.0444,31.2357,36.22,30.06,3.71
Cairo,30.0444,31.2357,39.52,30.65,4.31
Cairo,30.0444,31.2357,39.69,49.55,6.11
Cairo,30.0444,31.2357,39.17,44.48,5.34
Cairo,30.0444,31.2357,41.62,36.61,5.4
Cairo,30.0444,31.2357,34.87,41.42,4.84
Cairo,30.0444,31.2357,39.91,46.1,6.13
Cairo,30.0444,31.2357,40.55,40.92,6.98
Cairo,30.0444,31.2357,42.99,40.81,5.94
Cairo,30.0444,31.2357,38.05,21.9,3.33
Cairo,30.0444,31.2357,39.5,6.62,0.93
Cairo,30.0444,31.2357,45.94,17.89,2.2
Cairo,30.0444,31.2357,37.76,6.68,1.22
Cairo,30.0444,31.2357,37.58,10.72,2.1
Cairo,30.0444,31.2357,43.68,14.71,2.5
Cairo,30.0444,31.2357,36.81,7.33,1.31
Cairo,30.0444,31.2357,46.17,33.68,5.59
Athens,37.9838,23.7275,28.92,40.78,4.91
Athens,37.9838,23.7275,33.67,8.53,0.54
Athens,37.9838,23.7275,36.51,23.4,3.48
Athens,37.9838,23.7275,34.0,16.26,2.02
Athens,37.9838,23.7275,40.3,34.71,4.84
Athens,37.9838,23.7275,36.13,32.53,4.87
Athens,37.9838,23.7275,30.44,21.02,2.35
Athens,37.9838,23.7275,34.29,9.4,2.09
Athens,37.9838,23.7275,25.28,12.79,0.89
Athens,37.9838,23.7275,29.02,32.71,3.36
Athens,37.9838,23.7275,33.68,21.86,2.86
Athens,37.9838,23.7275,35.18,43.54,6.42
Athens,37.9838,23.7275,32.06,8.18,1.27
Athens,37.9838,23.7275,34.39,31.36,4.01
Athens,37.9838,23.7275,35.34,22.47,3.23
Athens,37.9838,23.7275,33.15,29.55,4.55
Athens,37.9838,23.7275,34.54,48.25,6.25
Athens,37.9838,23.7275,33.54,19.35,2.58
Athens,37.9838,23.7275,33.23,10.32,1.74
Athens,37.9838,23.7275,37.86,44.49,6.31
Athens,37.9838,23.7275,37.44,17.69,2.75
Athens,37.9838,23.7275,36.66,41.31,5.01
Athens,37.9838,23.7275,34.94,21.74,2.9
Athens,37.9838,23.7275,32.99,46.88,6.24
Athens,37.9838,23.7275,34.35,38.79,5.31
Athens,37.9838,23.7275,33.78,45.61,5.77
Athens,37.9838,23.7275,38.92,19.4,2.78
Athens,37.9838,23.7275,34.28,5.49,1.21
Athens,37.9838,23.7275,35.97,47.78,5.98
Athens,37.9838,23.7275,40.74,25.18,3.98
Tokyo,35.6762,139.6503,29.98,35.26,3.75
Tokyo,35.6762,139.6503,35.31,40.53,5.4
Tokyo,35.6762,139.6503,32.96,7.59,0.7
Tokyo,35.6762,139.6503,26.73,44.95,5.94
Tokyo,35.6762,139.6503,30.52,11.43,1.27
Tokyo,35.6762,139.6503,34.84,9.55,1.93
Tokyo,35.6762,139.6503,33.73,8.27,0.98
Tokyo,35.6762,139.6503,34.68,8.66,1.62
Tokyo,35.6762,139.6503,28.66,41.58,4.36
Tokyo,35.6762,139.6503,31.01,8.76,1.65
Tokyo,35.6762,139.6503,33.93,24.09,3.68
Tokyo,35.6762,139.6503,32.09,26.09,3.23
Tokyo,35.6762,139.6503,33.97,38.57,4.5
Tokyo,35.6762,139.6503,34.48,21.87,2.88
Tokyo,35.6762,139.6503,35.07,15.06,1.9
Tokyo,35.6762,139.6503,33.21,49.68,6.52
Tokyo,35.6762,139.6503,33.29,48.62,5.69
Tokyo,35.6762,139.6503,39.83,36.31,5.01
Tokyo,35.6762,139.6503,39.46,31.29,3.92
Tokyo,35.6762,139.6503,32.67,32.91,4.47
Tokyo,35.6762,139.6503,30.48,25.87,2.89
Tokyo,35.6762,139.6503,36.1,8.5,0.6
Tokyo,35.6762,139.6503,34.03,18.93,3.22
Tokyo,35.6762,139.6503,34.71,12.32,2.1
Tokyo,35.6762,139.6503,29.04,46.97,6.32
Tokyo,35.6762,139.6503,32.78,41.47,5.0
Tokyo,35.6762,139.6503,27.86,48.65,6.27
Tokyo,35.6762,139.6503,33.83,26.09,3.43
Tokyo,35.6762,139.6503,28.22,7.54,0.58
Tokyo,35.6762,139.6503,33.78,49.99,6.31
Mumbai,19.076,72.8777,35.02,39.6,5.02
Mumbai,19.076,72.8777,34.06,10.81,0.86
Mumbai,19.076,72.8777,35.36,15.29,2.31
Mumbai,19.076,72.8777,38.18,21.12,3.56
Mumbai,19.076,72.8777,36.0,28.41,3.41
Mumbai,19.076,72.8777,35.34,43.35,6.09
Mumbai,19.076,72.8777,41.18,44.45,6.6
Mumbai,19.076,72.8777,31.94,6.3,0.74
Mumbai,19.076,72.8777,36.94,36.68,5.3
Mumbai,19.076,72.8777,33.7,5.65,0.73
Mumbai,19.076,72.8777,38.18,22.65,2.42
Mumbai,19.076,72.8777,37.66,20.67,2.81
Mumbai,19.076,72.8777,39.51,22.84,3.25
Mumbai,19.076,72.8777,37.94,47.73,6.26
Mumbai,19.076,72.8777,29.89,25.66,3.05
Mumbai,19.076,72.8777,34.98,19.79,2.79
Mumbai,19.076,72.8777,31.09,8.41,1.33
Mumbai,19.076,72.8777,31.7,20.56,2.75
Mumbai,19.076,72.8777,34.81,35.04,4.83
Mumbai,19.076,72.8777,33.66,6.84,0.81
Mumbai,19.076,72.8777,33.41,12.97,1.41
Mumbai,19.076,72.8777,30.7,21.39,2.53
Mumbai,19.076,72.8777,40.89,6.77,1.37
Mumbai,19.076,72.8777,36.54,8.68,1.85
Mumbai,19.076,72.8777,34.66,41.28,5.1
Mumbai,19.076,72.8777,32.79,14.42,2.1
Mumbai,19.076,72.8777,34.17,32.82,3.23
Mumbai,19.076,72.8777,33.12,38.64,3.92
Mumbai,19.076,72.8777,36.73,28.03,3.82
Mumbai,19.076,72.8777,32.08,25.13,3.15
Dubai,25.2048,55.2708,36.18,17.12,2.44
Dubai,25.2048,55.2708,40.44,19.49,2.84
Dubai,25.2048,55.2708,39.06,10.39,1.27
Dubai,25.2048,55.2708,41.65,35.56,5.21
Dubai,25.2048,55.2708,40.98,8.91,2.21
Dubai,25.2048,55.2708,48.12,38.54,5.94
Dubai,25.2048,55.2708,37.89,17.77,2.45
Dubai,25.2048,55.2708,45.19,30.69,3.92
Dubai,25.2048,55.2708,36.8,9.58,1.72
Dubai,25.2048,55.2708,39.63,12.23,1.7
Dubai,25.2048,55.2708,39.22,12.8,1.65
Dubai,25.2048,55.2708,33.49,49.21,6.35
Dubai,25.2048,55.2708,40.28,48.63,5.99
Dubai,25.2048,55.2708,41.71,16.61,2.69
Dubai,25.2048,55.2708,42.5,46.82,5.85
Dubai,25.2048,55.2708,47.13,17.6,3.62
Dubai,25.2048,55.2708,39.01,19.57,3.03
Dubai,25.2048,55.2708,41.84,15.91,1.4
Dubai,25.2048,55.2708,41.78,17.99,2.39
Dubai,25.2048,55.2708,37.58,26.65,3.68
Dubai,25.2048,55.2708,39.04,20.15,2.89
Dubai,25.2048,55.2708,39.19,35.67,5.04
Dubai,25.2048,55.2708,42.59,26.22,4.35
Dubai,25.2048,55.2708,35.69,46.83,5.49
Dubai,25.2048,55.2708,42.11,47.23,6.03
Dubai,25.2048,55.2708,42.46,42.88,6.4
Dubai,25.2048,55.2708,42.01,14.07,2.12
Dubai,25.2048,55.2708,40.04,41.66,5.37
Dubai,25.2048,55.2708,41.87,21.15,3.96
Dubai,25.2048,55.2708,40.19,41.75,5.9
Riyadh,24.7136,46.6753,36.89,25.82,3.04
Riyadh,24.7136,46.6753,46.15,27.62,3.79
Riyadh,24.7136,46.6753,43.98,22.28,3.28
Riyadh,24.7136,46.6753,45.68,33.09,4.79
Riyadh,24.7136,46.6753,38.56,11.27,2.24
Riyadh,24.7136,46.6753,44.53,29.01,4.71
Riyadh,24.7136,46.6753,43.55,11.83,2.2
Riyadh,24.7136,46.6753,39.73,38.48,4.78
Riyadh,24.7136,46.6753,43.21,39.31,5.19
Riyadh,24.7136,46.6753,41.96,41.96,5.96
Riyadh,24.7136,46.6753,42.19,40.88,5.12
Riyadh,24.7136,46.6753,41.72,37.5,4.86
Riyadh,24.7136,46.6753,45.61,36.23,5.67
Riyadh,24.7136,46.6753,38.1,20.56,2.98
Riyadh,24.7136,46.6753,37.66,25.79,4.08
Riyadh,24.7136,46.6753,43.54,32.52,5.64
Riyadh,24.7136,46.6753,43.33,36.35,5.32
Riyadh,24.7136,46.6753,43.65,11.86,2.28
Riyadh,24.7136,46.6753,48.65,24.09,4.36
Riyadh,24.7136,46.6753,43.55,46.65,6.32
Riyadh,24.7136,46.6753,40.03,49.32,6.37
Riyadh,24.7136,46.6753,50.62,22.96,3.99
Riyadh,24.7136,46.6753,42.53,41.13,5.39
Riyadh,24.7136,46.6753,45.56,46.39,5.42
Riyadh,24.7136,46.6753,39.13,38.19,4.52
Riyadh,24.7136,46.6753,38.49,25.36,3.36
Riyadh,24.7136,46.6753,42.26,27.43,3.8
Riyadh,24.7136,46.6753,45.41,21.31,3.26
Riyadh,24.7136,46.6753,48.55,5.59,2.05
Riyadh,24.7136,46.6753,39.95,48.25,6.49
Dallas,32.7767,-96.797,37.19,8.84,0.98
Dallas,32.7767,-96.797,38.0,31.79,4.28
Dallas,32.7767,-96.797,38.04,14.45,2.13
Dallas,32.7767,-96.797,37.66,13.58,2.07
Dallas,32.7767,-96.797,37.9,30.42,3.83
Dallas,32.7767,-96.797,42.17,24.83,2.52
Dallas,32.7767,-96.797,41.74,11.99,1.2
Dallas,32.7767,-96.797,38.87,47.58,6.05
Dallas,32.7767,-96.797,33.78,33.98,3.96
Dallas,32.7767,-96.797,36.91,12.03,1.76
Dallas,32.7767,-96.797,40.81,6.22,1.8
Dallas,32.7767,-96.797,35.89,35.24,4.23
Dallas,32.7767,-96.797,36.43,34.37,4.64
Dallas,32.7767,-96.797,36.95,15.94,2.17
Dallas,32.7767,-96.797,40.13,42.36,5.77
Dallas,32.7767,-96.797,42.94,14.22,1.95
Dallas,32.7767,-96.797,39.78,5.59,1.04
Dallas,32.7767,-96.797,32.99,45.17,6.28
Dallas,32.7767,-96.797,36.43,16.67,2.74
Dallas,32.7767,-96.797,41.95,17.06,1.94
Dallas,32.7767,-96.797,34.16,29.84,4.49
Dallas,32.7767,-96.797,32.74,47.68,5.64
Dallas,32.7767,-96.797,36.37,44.08,5.77
Dallas,32.7767,-96.797,40.92,40.99,5.45
Dallas,32.7767,-96.797,36.91,17.09,2.37
Dallas,32.7767,-96.797,44.47,16.6,2.98
Dallas,32.7767,-96.797,38.51,49.3,6.27
Dallas,32.7767,-96.797,34.13,17.25,2.32
Dallas,32.7767,-96.797,38.59,17.33,2.12
Dallas,32.7767,-96.797,44.02,42.34,6.07
Madrid,40.4168,-3.7038,36.77,32.02,4.57
Madrid,40.4168,-3.7038,32.99,46.15,5.89
Madrid,40.4168,-3.7038,30.48,28.35,2.91
Madrid,40.4168,-3.7038,34.96,32.14,4.18
Madrid,40.4168,-3.7038,34.17,17.99,1.8
Madrid,40.4168,-3.7038,40.02,18.37,2.35
Madrid,40.4168,-3.7038,33.15,34.87,5.39
Madrid,40.4168,-3.7038,36.29,14.67,2.15
Madrid,40.4168,-3.7038,34.27,27.34,3.54
Madrid,40.4168,-3.7038,30.93,39.69,5.2
Madrid,40.4168,-3.7038,35.9,35.98,5.32
Madrid,40.4168,-3.7038,31.33,41.86,4.93
Madrid,40.4168,-3.7038,37.9,17.25,2.85
Madrid,40.4168,-3.7038,30.71,9.12,1.59
Madrid,40.4168,-3.7038,35.78,13.33,2.14
Madrid,40.4168,-3.7038,39.19,37.95,5.06
Madrid,40.4168,-3.7038,37.68,36.15,5.15
Madrid,40.4168,-3.7038,34.64,27.02,3.73
Madrid,40.4168,-3.7038,37.29,13.13,2.02
Madrid,40.4168,-3.7038,38.46,6.53,1.26
Madrid,40.4168,-3.7038,32.76,46.6,6.15
Madrid,40.4168,-3.7038,39.39,43.0,5.6
Madrid,40.4168,-3.7038,38.81,6.67,1.03
Madrid,40.4168,-3.7038,31.78,10.43,1.54
Madrid,40.4168,-3.7038,36.67,20.29,2.58
Madrid,40.4168,-3.7038,35.22,19.19,2.62
Madrid,40.4168,-3.7038,40.34,19.34,2.92
Madrid,40.4168,-3.7038,38.6,32.71,4.47
Madrid,40.4168,-3.7038,36.25,47.26,6.41
Madrid,40.4168,-3.7038,39.67,23.09,2.98
